INSERT INTO JUGADOR (IdJugador, NombreJugador) VALUES ('1', 'Luis Suarez');
INSERT INTO JUGADOR (IdJugador, NombreJugador) VALUES ('2', 'Edinson Cavani');
INSERT INTO JUGADOR (IdJugador, NombreJugador) VALUES ('3', 'Darwin Nuñez');
INSERT INTO JUGADOR (IdJugador, NombreJugador) VALUES ('4', 'Federico Velverde');
INSERT INTO JUGADOR (IdJugador, NombreJugador) VALUES ('5', 'Giorgian De Arrascareta');
INSERT INTO JUGADOR (IdJugador, NombreJugador) VALUES ('6', 'Ronald Araújo');
INSERT INTO JUGADOR (IdJugador, NombreJugador) VALUES ('7', 'Fernando Muslera');
INSERT INTO JUGADOR (IdJugador, NombreJugador) VALUES ('8', 'Diego Godin');
INSERT INTO JUGADOR (IdJugador, NombreJugador) VALUES ('9', 'Lucas Torreira');
INSERT INTO JUGADOR (IdJugador, NombreJugador) VALUES ('10', 'Rodrigo Bentancur');
INSERT INTO JUGADOR (IdJugador, NombreJugador) VALUES ('11', 'Sebastian Caceres');

INSERT INTO JUGADOR (IdJugador, NombreJugador) VALUES ('12', 'Lionel Messi');
INSERT INTO JUGADOR (IdJugador, NombreJugador) VALUES ('13', 'Paulo Dybala');
INSERT INTO JUGADOR (IdJugador, NombreJugador) VALUES ('14', 'Julian Alvarez');
INSERT INTO JUGADOR (IdJugador, NombreJugador) VALUES ('15', 'Damian Martinez');
INSERT INTO JUGADOR (IdJugador, NombreJugador) VALUES ('16', 'Lisandro Martinez');
INSERT INTO JUGADOR (IdJugador, NombreJugador) VALUES ('17', 'Angel Di Maria');
INSERT INTO JUGADOR (IdJugador, NombreJugador) VALUES ('18', 'Rodrigo de Paul');
INSERT INTO JUGADOR (IdJugador, NombreJugador) VALUES ('19', 'Lautaro Martinez');
INSERT INTO JUGADOR (IdJugador, NombreJugador) VALUES ('20', 'Giovani Lo Celso');
INSERT INTO JUGADOR (IdJugador, NombreJugador) VALUES ('21', 'Enzo Fernandez');
INSERT INTO JUGADOR (IdJugador, NombreJugador) VALUES ('22', 'Alejandro Gomez');

INSERT INTO JUGADOR (IdJugador, NombreJugador) VALUES ('23', 'Nicolas Mazzarino');
INSERT INTO JUGADOR (IdJugador, NombreJugador) VALUES ('24', 'Fernando Martinez');
INSERT INTO JUGADOR (IdJugador, NombreJugador) VALUES ('25', 'Federico Haller');
INSERT INTO JUGADOR (IdJugador, NombreJugador) VALUES ('26', 'Hatilla Passos');
INSERT INTO JUGADOR (IdJugador, NombreJugador) VALUES ('27', 'Kiril Wachsmann');

INSERT INTO JUGADOR (IdJugador, NombreJugador) VALUES ('28', 'Leandro Garcia');
INSERT INTO JUGADOR (IdJugador, NombreJugador) VALUES ('29', 'Federico Bavosi');
INSERT INTO JUGADOR (IdJugador, NombreJugador) VALUES ('30', 'Theo Metzger');
INSERT INTO JUGADOR (IdJugador, NombreJugador) VALUES ('31', 'Rodrigo Trelles');
INSERT INTO JUGADOR (IdJugador, NombreJugador) VALUES ('32', 'Marcos Mata');

INSERT INTO JUGADOR (IdJugador, NombreJugador) VALUES ('33', 'Facundo Bonifazi');
INSERT INTO JUGADOR (IdJugador, NombreJugador) VALUES ('34', 'Lucas Viatri');

INSERT INTO JUGADOR (IdJugador, NombreJugador) VALUES ('35', 'Sergio Rochet');
INSERT INTO JUGADOR (IdJugador, NombreJugador) VALUES ('36', 'Juan Izquierdo');

INSERT INTO JUGADOR (IdJugador, NombreJugador) VALUES ('37', 'Lolo');

INSERT INTO DEPORTE (IdDeporte, NombreDeporte) VALUES ('1', 'Futbol');
INSERT INTO DEPORTE (IdDeporte, NombreDeporte) VALUES ('2', 'Basketball');
INSERT INTO DEPORTE (IdDeporte, NombreDeporte) VALUES ('3', 'Ajedrez');

INSERT INTO EQUIPO (IdEquipo, NombreEquipo, CantJugador) VALUES ('1', 'Uruguay', '11');
INSERT INTO EQUIPO (IdEquipo, NombreEquipo, CantJugador) VALUES ('2', 'Argentina', '11');
INSERT INTO EQUIPO (IdEquipo, NombreEquipo, CantJugador) VALUES ('3', 'Aguada', '5');
INSERT INTO EQUIPO (IdEquipo, NombreEquipo, CantJugador) VALUES ('4', 'Malvin', '5');
INSERT INTO EQUIPO (IdEquipo, NombreEquipo, CantJugador) VALUES ('5', 'Peñarol', '2');
INSERT INTO EQUIPO (IdEquipo, NombreEquipo, CantJugador) VALUES ('6', 'Nacional', '2');
INSERT INTO EQUIPO (IdEquipo, NombreEquipo, CantJugador) VALUES ('7', 'Lolo', '1');

INSERT INTO PERTENECE (IdJugador, IdEquipo) VALUES ('1', '1');
INSERT INTO PERTENECE (IdJugador, IdEquipo) VALUES ('2', '1');
INSERT INTO PERTENECE (IdJugador, IdEquipo) VALUES ('3', '1');
INSERT INTO PERTENECE (IdJugador, IdEquipo) VALUES ('4', '1');
INSERT INTO PERTENECE (IdJugador, IdEquipo) VALUES ('5', '1');
INSERT INTO PERTENECE (IdJugador, IdEquipo) VALUES ('6', '1');
INSERT INTO PERTENECE (IdJugador, IdEquipo) VALUES ('7', '1');
INSERT INTO PERTENECE (IdJugador, IdEquipo) VALUES ('8', '1');
INSERT INTO PERTENECE (IdJugador, IdEquipo) VALUES ('9', '1');
INSERT INTO PERTENECE (IdJugador, IdEquipo) VALUES ('10', '1');
INSERT INTO PERTENECE (IdJugador, IdEquipo) VALUES ('11', '1');

INSERT INTO PERTENECE (IdJugador, IdEquipo) VALUES ('12', '2');
INSERT INTO PERTENECE (IdJugador, IdEquipo) VALUES ('13', '2');
INSERT INTO PERTENECE (IdJugador, IdEquipo) VALUES ('14', '2');
INSERT INTO PERTENECE (IdJugador, IdEquipo) VALUES ('15', '2');
INSERT INTO PERTENECE (IdJugador, IdEquipo) VALUES ('16', '2');
INSERT INTO PERTENECE (IdJugador, IdEquipo) VALUES ('17', '2');
INSERT INTO PERTENECE (IdJugador, IdEquipo) VALUES ('18', '2');
INSERT INTO PERTENECE (IdJugador, IdEquipo) VALUES ('19', '2');
INSERT INTO PERTENECE (IdJugador, IdEquipo) VALUES ('20', '2');
INSERT INTO PERTENECE (IdJugador, IdEquipo) VALUES ('21', '2');
INSERT INTO PERTENECE (IdJugador, IdEquipo) VALUES ('22', '2');

INSERT INTO PERTENECE (IdJugador, IdEquipo) VALUES ('23', '3');
INSERT INTO PERTENECE (IdJugador, IdEquipo) VALUES ('24', '3');
INSERT INTO PERTENECE (IdJugador, IdEquipo) VALUES ('25', '3');
INSERT INTO PERTENECE (IdJugador, IdEquipo) VALUES ('26', '3');
INSERT INTO PERTENECE (IdJugador, IdEquipo) VALUES ('27', '3');

INSERT INTO PERTENECE (IdJugador, IdEquipo) VALUES ('28', '4');
INSERT INTO PERTENECE (IdJugador, IdEquipo) VALUES ('29', '4');
INSERT INTO PERTENECE (IdJugador, IdEquipo) VALUES ('30', '4');
INSERT INTO PERTENECE (IdJugador, IdEquipo) VALUES ('31', '4');
INSERT INTO PERTENECE (IdJugador, IdEquipo) VALUES ('32', '4');
INSERT INTO PERTENECE (IdJugador, IdEquipo) VALUES ('33', '5');
INSERT INTO PERTENECE (IdJugador, IdEquipo) VALUES ('34', '5');
INSERT INTO PERTENECE (IdJugador, IdEquipo) VALUES ('35', '6');
INSERT INTO PERTENECE (IdJugador, IdEquipo) VALUES ('36', '6');
INSERT INTO PERTENECE (IdJugador, IdEquipo) VALUES ('37', '7');


INSERT INTO PRACTICA (IdEquipo, IdDeporte) VALUES ('1', '1');
INSERT INTO PRACTICA (IdEquipo, IdDeporte) VALUES ('2', '1');
INSERT INTO PRACTICA (IdEquipo, IdDeporte) VALUES ('3', '2');
INSERT INTO PRACTICA (IdEquipo, IdDeporte) VALUES ('4', '2');
INSERT INTO PRACTICA (IdEquipo, IdDeporte) VALUES ('7', '3');

INSERT INTO EVENTO (IdEvento, NombreEvento, Lugar, FechaInicio, FechaFin, Estado) VALUES ('1', 'Mundial 2022', 'Qatar', '2022-11-20', '2022-12-18', 'Pendiente');
INSERT INTO EVENTO (IdEvento, NombreEvento, Lugar, FechaInicio, FechaFin, Estado) VALUES ('2', 'Evento Basketball', 'Uruguay', '2022-08-06', '2022-10-29', 'Completo');
INSERT INTO EVENTO (IdEvento, NombreEvento, Lugar, FechaInicio, FechaFin, Estado) VALUES ('3', 'Copa Libertadores de América', 'Uruguay', '2022-08-06', '2022-10-29', 'Completo');
INSERT INTO EVENTO (IdEvento, NombreEvento, Lugar, FechaInicio, FechaFin, Estado) VALUES ('4', 'Evento de Ajedrez', 'Uruguay', '2022-11-01', '2022-12-01', 'En proceso');

INSERT INTO ENCUENTRO (IdEncuentro, NombreEncuentro, FechaHora, Arbitro, Estado) VALUES ('1', 'Uruguay vs Argentina', '2022-12-17 20:00:00', 'Juan Perez', 'Incompleto');
INSERT INTO ENCUENTRO (IdEncuentro, NombreEncuentro, FechaHora, Arbitro, Estado) VALUES ('2', 'Uruguay vs Argentina', '2022-11-08 10:30:00', 'Juan Perez', 'Completo');
INSERT INTO ENCUENTRO (IdEncuentro, NombreEncuentro, FechaHora, Arbitro, Estado) VALUES ('3', 'Uruguay vs Argentina', '2022-09-08 13:00:00', 'Juan Perez', 'Completo');
INSERT INTO ENCUENTRO (IdEncuentro, NombreEncuentro, FechaHora, Arbitro, Estado) VALUES ('4', 'Argentina vs Uruguay', '2022-07-03 13:00:00', 'Juan Perez', 'Completo');
INSERT INTO ENCUENTRO (IdEncuentro, NombreEncuentro, FechaHora, Arbitro, Estado) VALUES ('5', 'Uruguay vs Argentina', '2022-07-28 15:30:00', 'Juan Perez', 'Completo');
INSERT INTO ENCUENTRO (IdEncuentro, NombreEncuentro, FechaHora, Arbitro, Estado) VALUES ('6', 'Aguada vs Malvin', '2022-11-30 09:00:00', 'Juan Perez', 'Incompleto');
INSERT INTO ENCUENTRO (IdEncuentro, NombreEncuentro, FechaHora, Arbitro, Estado) VALUES ('7', 'Peñarol vs Nacional', '2022-11-03 16:30:00', 'Juan Perez', 'Completo');
INSERT INTO ENCUENTRO (IdEncuentro, NombreEncuentro, FechaHora, Arbitro, Estado) VALUES ('8', 'Lolo vs Robot', '2022-11-11 02:00:00', 'Juan Perez', 'Completo');

INSERT INTO INCIDENCIA (IdIncidencia, NombreIncidencia, Tiempo) VALUES ('1', 'Gol', '00:20:00');
INSERT INTO INCIDENCIA (IdIncidencia, NombreIncidencia, Tiempo) VALUES ('2', 'Gol', '00:60:00');
INSERT INTO INCIDENCIA (IdIncidencia, NombreIncidencia, Tiempo) VALUES ('3', 'Gol', '00:45:00');
INSERT INTO INCIDENCIA (IdIncidencia, NombreIncidencia, Tiempo) VALUES ('4', 'Gol', '00:75:00');
INSERT INTO INCIDENCIA (IdIncidencia, NombreIncidencia, Tiempo) VALUES ('5', 'Gol', '00:10:00');
INSERT INTO INCIDENCIA (IdIncidencia, NombreIncidencia, Tiempo) VALUES ('6', 'Gol', '00:05:00');
INSERT INTO INCIDENCIA (IdIncidencia, NombreIncidencia, Tiempo) VALUES ('7', 'Gol', '00:65:00');
INSERT INTO INCIDENCIA (IdIncidencia, NombreIncidencia, Tiempo) VALUES ('8', 'Aguada 3 puntos', '00:02:00');
INSERT INTO INCIDENCIA (IdIncidencia, NombreIncidencia, Tiempo) VALUES ('9', 'Gol', '00:89:00');
INSERT INTO INCIDENCIA (IdIncidencia, NombreIncidencia, Tiempo) VALUES ('10', 'Jaque Mate', '01:00:00');

INSERT INTO SUCEDE (IdEncuentro, IdIncidencia) VALUES ('1', '1');
INSERT INTO SUCEDE (IdEncuentro, IdIncidencia) VALUES ('1', '2');

INSERT INTO SUCEDE (IdEncuentro, IdIncidencia) VALUES ('2', '3');
INSERT INTO SUCEDE (IdEncuentro, IdIncidencia) VALUES ('2', '4');

INSERT INTO SUCEDE (IdEncuentro, IdIncidencia) VALUES ('3', '5');
INSERT INTO SUCEDE (IdEncuentro, IdIncidencia) VALUES ('4', '6');
INSERT INTO SUCEDE (IdEncuentro, IdIncidencia) VALUES ('5', '7');
INSERT INTO SUCEDE (IdEncuentro, IdIncidencia) VALUES ('6', '8');

INSERT INTO SUCEDE (IdEncuentro, IdIncidencia) VALUES ('7', '9');

INSERT INTO SUCEDE (IdEncuentro, IdIncidencia) VALUES ('8', '10');


INSERT INTO RESULTADO (IdResultado, Tiempo, Puntuacion) VALUES ('1', null, '1-1');
INSERT INTO RESULTADO (IdResultado, Tiempo, Puntuacion) VALUES ('2', null, '1-1');
INSERT INTO RESULTADO (IdResultado, Tiempo, Puntuacion) VALUES ('3', null, '1-0');
INSERT INTO RESULTADO (IdResultado, Tiempo, Puntuacion) VALUES ('4', null, '0-1');
INSERT INTO RESULTADO (IdResultado, Tiempo, Puntuacion) VALUES ('5', null, '1-0');
INSERT INTO RESULTADO (IdResultado, Tiempo, Puntuacion) VALUES ('6', null, '3-0');
INSERT INTO RESULTADO (IdResultado, Tiempo, Puntuacion) VALUES ('7', null, '1-0');
INSERT INTO RESULTADO (IdResultado, Tiempo, Puntuacion) VALUES ('8', null, 'Jaque Mate');

INSERT INTO TIENE (IdEncuentro, IdResultado) VALUES ('1', '1');
INSERT INTO TIENE (IdEncuentro, IdResultado) VALUES ('2', '2');
INSERT INTO TIENE (IdEncuentro, IdResultado) VALUES ('3', '3');
INSERT INTO TIENE (IdEncuentro, IdResultado) VALUES ('4', '4');
INSERT INTO TIENE (IdEncuentro, IdResultado) VALUES ('5', '5');
INSERT INTO TIENE (IdEncuentro, IdResultado) VALUES ('7', '7');
INSERT INTO TIENE (IdEncuentro, IdResultado) VALUES ('8', '8');

INSERT INTO USUARIO (IdUsuario, Email, NombreUsuario, Contraseña, Tipo) VALUES ('1', 'ana@gmail.com', 'Ana', 'Ana1234', TRUE);
INSERT INTO USUARIO (IdUsuario, Email, NombreUsuario, Contraseña, Tipo) VALUES ('2', 'pedro@gmail.com', 'Pedro', 'Pedro1234', FALSE);

INSERT INTO COMPONE (IdEncuentro, IdEvento) VALUES ('1', '1');
INSERT INTO COMPONE (IdEncuentro, IdEvento) VALUES ('2', '1');
INSERT INTO COMPONE (IdEncuentro, IdEvento) VALUES ('3', '1');
INSERT INTO COMPONE (IdEncuentro, IdEvento) VALUES ('4', '1');
INSERT INTO COMPONE (IdEncuentro, IdEvento) VALUES ('5', '1');
INSERT INTO COMPONE (IdEncuentro, IdEvento) VALUES ('6', '2');
INSERT INTO COMPONE (IdEncuentro, IdEvento) VALUES ('7', '3');
INSERT INTO COMPONE (IdEncuentro, IdEvento) VALUES ('8', '4');

INSERT INTO PARTICIPA (IdEncuentro, IdJugador, IdEquipo) VALUES ('1', '1', '1');
INSERT INTO PARTICIPA (IdEncuentro, IdJugador, IdEquipo) VALUES ('1', '2', '1');
INSERT INTO PARTICIPA (IdEncuentro, IdJugador, IdEquipo) VALUES ('1', '3', '1');
INSERT INTO PARTICIPA (IdEncuentro, IdJugador, IdEquipo) VALUES ('1', '4', '1');
INSERT INTO PARTICIPA (IdEncuentro, IdJugador, IdEquipo) VALUES ('1', '5', '1');
INSERT INTO PARTICIPA (IdEncuentro, IdJugador, IdEquipo) VALUES ('1', '6', '1');
INSERT INTO PARTICIPA (IdEncuentro, IdJugador, IdEquipo) VALUES ('1', '7', '1');
INSERT INTO PARTICIPA (IdEncuentro, IdJugador, IdEquipo) VALUES ('1', '8', '1');
INSERT INTO PARTICIPA (IdEncuentro, IdJugador, IdEquipo) VALUES ('1', '9', '1');
INSERT INTO PARTICIPA (IdEncuentro, IdJugador, IdEquipo) VALUES ('1', '10', '1');
INSERT INTO PARTICIPA (IdEncuentro, IdJugador, IdEquipo) VALUES ('1', '11', '1');

INSERT INTO PARTICIPA (IdEncuentro, IdJugador, IdEquipo) VALUES ('1', '12', '2');
INSERT INTO PARTICIPA (IdEncuentro, IdJugador, IdEquipo) VALUES ('1', '13', '2');
INSERT INTO PARTICIPA (IdEncuentro, IdJugador, IdEquipo) VALUES ('1', '14', '2');
INSERT INTO PARTICIPA (IdEncuentro, IdJugador, IdEquipo) VALUES ('1', '15', '2');
INSERT INTO PARTICIPA (IdEncuentro, IdJugador, IdEquipo) VALUES ('1', '16', '2');
INSERT INTO PARTICIPA (IdEncuentro, IdJugador, IdEquipo) VALUES ('1', '17', '2');
INSERT INTO PARTICIPA (IdEncuentro, IdJugador, IdEquipo) VALUES ('1', '18', '2');
INSERT INTO PARTICIPA (IdEncuentro, IdJugador, IdEquipo) VALUES ('1', '19', '2');
INSERT INTO PARTICIPA (IdEncuentro, IdJugador, IdEquipo) VALUES ('1', '20', '2');
INSERT INTO PARTICIPA (IdEncuentro, IdJugador, IdEquipo) VALUES ('1', '21', '2');
INSERT INTO PARTICIPA (IdEncuentro, IdJugador, IdEquipo) VALUES ('1', '22', '2');

INSERT INTO PARTICIPA (IdEncuentro, IdJugador, IdEquipo) VALUES ('6', '23', '3');
INSERT INTO PARTICIPA (IdEncuentro, IdJugador, IdEquipo) VALUES ('6', '24', '3');
INSERT INTO PARTICIPA (IdEncuentro, IdJugador, IdEquipo) VALUES ('6', '25', '3');
INSERT INTO PARTICIPA (IdEncuentro, IdJugador, IdEquipo) VALUES ('6', '26', '3');
INSERT INTO PARTICIPA (IdEncuentro, IdJugador, IdEquipo) VALUES ('6', '27', '3');

INSERT INTO PARTICIPA (IdEncuentro, IdJugador, IdEquipo) VALUES ('6', '28', '4');
INSERT INTO PARTICIPA (IdEncuentro, IdJugador, IdEquipo) VALUES ('6', '29', '4');
INSERT INTO PARTICIPA (IdEncuentro, IdJugador, IdEquipo) VALUES ('6', '30', '4');
INSERT INTO PARTICIPA (IdEncuentro, IdJugador, IdEquipo) VALUES ('6', '31', '4');
INSERT INTO PARTICIPA (IdEncuentro, IdJugador, IdEquipo) VALUES ('6', '32', '4');

INSERT INTO PARTICIPA (IdEncuentro, IdJugador, IdEquipo) VALUES ('2', '1', '1');
INSERT INTO PARTICIPA (IdEncuentro, IdJugador, IdEquipo) VALUES ('2', '2', '1');
INSERT INTO PARTICIPA (IdEncuentro, IdJugador, IdEquipo) VALUES ('2', '3', '1');
INSERT INTO PARTICIPA (IdEncuentro, IdJugador, IdEquipo) VALUES ('2', '4', '1');
INSERT INTO PARTICIPA (IdEncuentro, IdJugador, IdEquipo) VALUES ('2', '5', '1');
INSERT INTO PARTICIPA (IdEncuentro, IdJugador, IdEquipo) VALUES ('2', '6', '1');
INSERT INTO PARTICIPA (IdEncuentro, IdJugador, IdEquipo) VALUES ('2', '7', '1');
INSERT INTO PARTICIPA (IdEncuentro, IdJugador, IdEquipo) VALUES ('2', '8', '1');
INSERT INTO PARTICIPA (IdEncuentro, IdJugador, IdEquipo) VALUES ('2', '9', '1');
INSERT INTO PARTICIPA (IdEncuentro, IdJugador, IdEquipo) VALUES ('2', '10', '1');
INSERT INTO PARTICIPA (IdEncuentro, IdJugador, IdEquipo) VALUES ('2', '11', '1');

INSERT INTO PARTICIPA (IdEncuentro, IdJugador, IdEquipo) VALUES ('3', '1', '1');
INSERT INTO PARTICIPA (IdEncuentro, IdJugador, IdEquipo) VALUES ('3', '2', '1');
INSERT INTO PARTICIPA (IdEncuentro, IdJugador, IdEquipo) VALUES ('3', '3', '1');
INSERT INTO PARTICIPA (IdEncuentro, IdJugador, IdEquipo) VALUES ('3', '4', '1');
INSERT INTO PARTICIPA (IdEncuentro, IdJugador, IdEquipo) VALUES ('3', '5', '1');
INSERT INTO PARTICIPA (IdEncuentro, IdJugador, IdEquipo) VALUES ('3', '6', '1');
INSERT INTO PARTICIPA (IdEncuentro, IdJugador, IdEquipo) VALUES ('3', '7', '1');
INSERT INTO PARTICIPA (IdEncuentro, IdJugador, IdEquipo) VALUES ('3', '8', '1');
INSERT INTO PARTICIPA (IdEncuentro, IdJugador, IdEquipo) VALUES ('3', '9', '1');
INSERT INTO PARTICIPA (IdEncuentro, IdJugador, IdEquipo) VALUES ('3', '10', '1');
INSERT INTO PARTICIPA (IdEncuentro, IdJugador, IdEquipo) VALUES ('3', '11', '1');

INSERT INTO PARTICIPA (IdEncuentro, IdJugador, IdEquipo) VALUES ('4', '1', '1');
INSERT INTO PARTICIPA (IdEncuentro, IdJugador, IdEquipo) VALUES ('4', '2', '1');
INSERT INTO PARTICIPA (IdEncuentro, IdJugador, IdEquipo) VALUES ('4', '3', '1');
INSERT INTO PARTICIPA (IdEncuentro, IdJugador, IdEquipo) VALUES ('4', '4', '1');
INSERT INTO PARTICIPA (IdEncuentro, IdJugador, IdEquipo) VALUES ('4', '5', '1');
INSERT INTO PARTICIPA (IdEncuentro, IdJugador, IdEquipo) VALUES ('4', '6', '1');
INSERT INTO PARTICIPA (IdEncuentro, IdJugador, IdEquipo) VALUES ('4', '7', '1');
INSERT INTO PARTICIPA (IdEncuentro, IdJugador, IdEquipo) VALUES ('4', '8', '1');
INSERT INTO PARTICIPA (IdEncuentro, IdJugador, IdEquipo) VALUES ('4', '9', '1');
INSERT INTO PARTICIPA (IdEncuentro, IdJugador, IdEquipo) VALUES ('4', '10', '1');
INSERT INTO PARTICIPA (IdEncuentro, IdJugador, IdEquipo) VALUES ('4', '11', '1');

INSERT INTO PARTICIPA (IdEncuentro, IdJugador, IdEquipo) VALUES ('5', '1', '1');
INSERT INTO PARTICIPA (IdEncuentro, IdJugador, IdEquipo) VALUES ('5', '2', '1');
INSERT INTO PARTICIPA (IdEncuentro, IdJugador, IdEquipo) VALUES ('5', '3', '1');
INSERT INTO PARTICIPA (IdEncuentro, IdJugador, IdEquipo) VALUES ('5', '4', '1');
INSERT INTO PARTICIPA (IdEncuentro, IdJugador, IdEquipo) VALUES ('5', '5', '1');
INSERT INTO PARTICIPA (IdEncuentro, IdJugador, IdEquipo) VALUES ('5', '6', '1');
INSERT INTO PARTICIPA (IdEncuentro, IdJugador, IdEquipo) VALUES ('5', '7', '1');
INSERT INTO PARTICIPA (IdEncuentro, IdJugador, IdEquipo) VALUES ('5', '8', '1');
INSERT INTO PARTICIPA (IdEncuentro, IdJugador, IdEquipo) VALUES ('5', '9', '1');
INSERT INTO PARTICIPA (IdEncuentro, IdJugador, IdEquipo) VALUES ('5', '10', '1');
INSERT INTO PARTICIPA (IdEncuentro, IdJugador, IdEquipo) VALUES ('5', '11', '1');

INSERT INTO PARTICIPA (IdEncuentro, IdJugador, IdEquipo) VALUES ('7', '33', '5');
INSERT INTO PARTICIPA (IdEncuentro, IdJugador, IdEquipo) VALUES ('7', '34', '5');
INSERT INTO PARTICIPA (IdEncuentro, IdJugador, IdEquipo) VALUES ('7', '35', '6');
INSERT INTO PARTICIPA (IdEncuentro, IdJugador, IdEquipo) VALUES ('7', '36', '6');
INSERT INTO PARTICIPA (IdEncuentro, IdJugador, IdEquipo) VALUES ('8', '37', '7');

INSERT INTO COMPETICION (IdCompeticion, NombreCompeticion, TipoCompeticion, ImgCompeticion) VALUES ('1', 'Copa Libertadores de America', true, '');
INSERT INTO COMPETICION (IdCompeticion, NombreCompeticion, TipoCompeticion, ImgCompeticion) VALUES ('2', 'Mundial de Ajedrez', true, '');

INSERT INTO FORMA_PARTE_DE (IdEvento, IdCompeticion) VALUES ('3', '1');
INSERT INTO FORMA_PARTE_DE (IdEvento, IdCompeticion) VALUES ('4', '2');


INSERT INTO SIGUE (IdUsuario, IdEvento, Notificacion) VALUES ('1', '1', true);
INSERT INTO SIGUE (IdUsuario, IdEvento, Notificacion) VALUES ('1', '2', true);

INSERT INTO PUBLICIDAD (IdPublicidad, NombrePublicidad, Formato) VALUES ('1', 'Ropa Deportiva', '.jpg');
INSERT INTO PUBLICIDAD (IdPublicidad, NombrePublicidad, Formato) VALUES ('2', 'Ciberlunes', '.jpg');

INSERT INTO VE (IdUsuario, IdPublicidad) VALUES ('2', '1');
INSERT INTO VE (IdUsuario, IdPublicidad) VALUES ('2', '2');

